{
    "Support Vector Machine": {
        "roc_auc": [
            0.9222222222222223,
            0.8235294117647058,
            0.9058823529411765,
            0.8941176470588235,
            0.7411764705882353,
            0.6333333333333333,
            0.9705882352941176,
            0.8705882352941177,
            0.8705882352941177,
            0.7058823529411764,
            0.8222222222222222,
            0.9607843137254902,
            0.8705882352941177,
            0.8588235294117647,
            0.5058823529411764,
            0.6222222222222222,
            0.9313725490196079,
            0.8823529411764706,
            0.7176470588235294,
            0.9176470588235294,
            0.8111111111111111,
            0.8823529411764706,
            0.788235294117647,
            0.7294117647058824,
            0.8470588235294118
        ],
        "accuracy": [
            0.8260869565217391,
            0.782608695652174,
            0.7727272727272727,
            0.7727272727272727,
            0.7272727272727273,
            0.7391304347826086,
            0.782608695652174,
            0.8636363636363636,
            0.8181818181818182,
            0.8181818181818182,
            0.8260869565217391,
            0.8260869565217391,
            0.8181818181818182,
            0.7727272727272727,
            0.7272727272727273,
            0.6956521739130435,
            0.6956521739130435,
            0.8181818181818182,
            0.7272727272727273,
            0.8181818181818182,
            0.7391304347826086,
            0.7391304347826086,
            0.8181818181818182,
            0.7272727272727273,
            0.7727272727272727
        ],
        "recall": [
            0.4,
            0.3333333333333333,
            0.2,
            0.2,
            0.2,
            0.0,
            0.16666666666666666,
            0.6,
            0.2,
            0.6,
            0.4,
            0.3333333333333333,
            0.2,
            0.2,
            0.2,
            0.0,
            0.0,
            0.2,
            0.2,
            0.2,
            0.0,
            0.0,
            0.6,
            0.4,
            0.2
        ],
        "f1": [
            0.5,
            0.4444444444444444,
            0.28571428571428575,
            0.28571428571428575,
            0.25,
            0.0,
            0.2857142857142857,
            0.6666666666666665,
            0.33333333333333337,
            0.6,
            0.5,
            0.5,
            0.33333333333333337,
            0.28571428571428575,
            0.25,
            0.0,
            0.0,
            0.33333333333333337,
            0.25,
            0.33333333333333337,
            0.0,
            0.0,
            0.6,
            0.4000000000000001,
            0.28571428571428575
        ]
    },
    "Logistic Regression": {
        "roc_auc": [
            0.8777777777777778,
            0.7941176470588236,
            0.9176470588235295,
            0.9176470588235295,
            0.7411764705882353,
            0.6666666666666667,
            0.9901960784313726,
            0.8470588235294118,
            0.9529411764705882,
            0.6352941176470589,
            0.8222222222222222,
            0.9607843137254901,
            0.9294117647058823,
            0.8823529411764706,
            0.5411764705882353,
            0.6222222222222222,
            0.9019607843137255,
            0.9058823529411765,
            0.7647058823529411,
            0.9411764705882353,
            0.8222222222222222,
            0.9117647058823528,
            0.8470588235294116,
            0.7294117647058824,
            0.7882352941176469
        ],
        "accuracy": [
            0.782608695652174,
            0.8260869565217391,
            0.8636363636363636,
            0.9090909090909091,
            0.7272727272727273,
            0.782608695652174,
            0.782608695652174,
            0.8181818181818182,
            0.8181818181818182,
            0.7272727272727273,
            0.8260869565217391,
            0.8695652173913043,
            0.8181818181818182,
            0.7727272727272727,
            0.6818181818181818,
            0.6521739130434783,
            0.782608695652174,
            0.7272727272727273,
            0.8636363636363636,
            0.8636363636363636,
            0.782608695652174,
            0.7391304347826086,
            0.8181818181818182,
            0.7272727272727273,
            0.7727272727272727
        ],
        "recall": [
            0.4,
            0.3333333333333333,
            0.6,
            0.6,
            0.2,
            0.0,
            0.16666666666666666,
            0.6,
            0.2,
            0.6,
            0.6,
            0.5,
            0.2,
            0.4,
            0.2,
            0.2,
            0.3333333333333333,
            0.2,
            0.6,
            0.4,
            0.4,
            0.0,
            0.6,
            0.8,
            0.4
        ],
        "f1": [
            0.4444444444444445,
            0.5,
            0.6666666666666665,
            0.7499999999999999,
            0.25,
            0.0,
            0.2857142857142857,
            0.6,
            0.33333333333333337,
            0.5,
            0.6,
            0.6666666666666666,
            0.33333333333333337,
            0.4444444444444445,
            0.22222222222222224,
            0.20000000000000004,
            0.4444444444444444,
            0.25,
            0.6666666666666665,
            0.5714285714285715,
            0.4444444444444445,
            0.0,
            0.6,
            0.5714285714285714,
            0.4444444444444445
        ]
    },
    "Random Forest": {
        "roc_auc": [
            0.9222222222222223,
            0.7843137254901961,
            0.9411764705882353,
            0.9176470588235294,
            0.9176470588235294,
            0.7555555555555556,
            0.9705882352941176,
            0.8705882352941177,
            0.9647058823529412,
            0.6470588235294118,
            0.8888888888888888,
            0.9509803921568627,
            0.9647058823529412,
            0.8823529411764706,
            0.6470588235294117,
            0.8777777777777778,
            0.9019607843137254,
            0.9411764705882353,
            0.7647058823529411,
            0.9647058823529412,
            0.8666666666666667,
            0.9509803921568627,
            0.9176470588235295,
            0.8117647058823529,
            0.9294117647058824
        ],
        "accuracy": [
            0.782608695652174,
            0.7391304347826086,
            0.8181818181818182,
            0.8181818181818182,
            0.7727272727272727,
            0.782608695652174,
            0.7391304347826086,
            0.8636363636363636,
            0.7727272727272727,
            0.7272727272727273,
            0.782608695652174,
            0.782608695652174,
            0.7727272727272727,
            0.8181818181818182,
            0.7272727272727273,
            0.782608695652174,
            0.6956521739130435,
            0.8181818181818182,
            0.7727272727272727,
            0.7727272727272727,
            0.782608695652174,
            0.7391304347826086,
            0.8181818181818182,
            0.7727272727272727,
            0.7727272727272727
        ],
        "recall": [
            0.0,
            0.0,
            0.2,
            0.4,
            0.2,
            0.0,
            0.0,
            0.4,
            0.0,
            0.4,
            0.0,
            0.16666666666666666,
            0.0,
            0.2,
            0.0,
            0.0,
            0.0,
            0.4,
            0.2,
            0.0,
            0.0,
            0.0,
            0.2,
            0.4,
            0.0
        ],