{
  "losses": [
    1.2638665343798787,
    0.43013433749830093,
    0.33290253758376515,
    0.28362914176481563,
    0.25327470199103375,
    0.2336360856978372,
    0.22129742825473797,
    0.21277699992229301,
    0.20616500845264127,
    0.20138914624778,
    0.19866367033861945,
    0.1955713145249351,
    0.19339730051941006,
    0.19151177884983012,
    0.1903078763085072,
    0.1882204082606874,
    0.18786891794355814,
    0.18675031495099695,
    0.18543676139543153,
    0.18485576741400753,
    0.1839688691875955,
    0.18322372646988005,
    0.18277587417484464,
    0.18243120178317204,
    0.1822199290116592,
    0.18234864756255842,
    0.18155885722206533,
    0.18095287996322768,
    0.1808205104726858,
    0.18048702804359065,
    0.17984236672945614,
    0.17976450533578708,
    0.17923891097104835,
    0.17975096420067477,
    0.1791066408980319
  ],
  "metrics": {
    "both": {
      "optimistic": {
        "adjusted_arithmetic_mean_rank": 0.9723311564121908,
        "adjusted_arithmetic_mean_rank_index": 0.027670004064766274,
        "adjusted_geometric_mean_rank_index": 0.048670998347832395,
        "adjusted_hits_at_k": 0.00017944682161563126,
        "adjusted_inverse_harmonic_mean_rank": 8.74146161131875e-05,
        "arithmetic_mean_rank": 23183.921823597248,
        "count": 282694.0,
        "geometric_mean_rank": 16691.256025389488,
        "harmonic_mean_rank": 3073.1398125773494,
        "hits_at_1": 3.891133168726609e-05,
        "hits_at_10": 0.0003891133168726609,
        "hits_at_3": 0.00012027138885154973,
        "hits_at_5": 0.0002193184149645907,
        "inverse_arithmetic_mean_rank": 4.313334075264919e-05,
        "inverse_geometric_mean_rank": 5.9911608717694756e-05,
        "inverse_harmonic_mean_rank": 0.0003254000992429076,
        "inverse_median_rank": 4.4838022643201435e-05,
        "median_absolute_deviation": 17857.202420790723,
        "median_rank": 22302.5,
        "standard_deviation": 13867.443104745733,
        "variance": 192305978.26336,
        "z_arithmetic_mean_rank": 25.481134332675538,
        "z_geometric_mean_rank": 25.902111687112836,
        "z_hits_at_k": 6.587870247118223,
        "z_inverse_harmonic_mean_rank": 7.918098491576217
      },
      "pessimistic": {
        "adjusted_arithmetic_mean_rank": 0.972331629080493,
        "adjusted_arithmetic_mean_rank_index": 0.027669531376639744,
        "adjusted_geometric_mean_rank_index": 0.04867031638781871,
        "adjusted_hits_at_k": 0.00017944682161563126,
        "adjusted_inverse_harmonic_mean_rank": 8.74142828093853e-05,
        "arithmetic_mean_rank": 23183.93309373386,
        "count": 282694.0,
        "geometric_mean_rank": 16691.267989796343,
        "harmonic_mean_rank": 3073.142959615251,
        "hits_at_1": 3.891133168726609e-05,
        "hits_at_10": 0.0003891133168726609,
        "hits_at_3": 0.00012027138885154973,
        "hits_at_5": 0.0002193184149645907,
        "inverse_arithmetic_mean_rank": 4.313331978473831e-05,
        "inverse_geometric_mean_rank": 5.9911565772673295e-05,
        "inverse_harmonic_mean_rank": 0.00032539976601843383,
        "inverse_median_rank": 4.4838022643201435e-05,
        "median_absolute_deviation": 17857.202420790723,
        "median_rank": 22302.5,
        "standard_deviation": 13867.44541106385,
        "variance": 192306042.22883585,
        "z_arithmetic_mean_rank": 25.480699037125078,
        "z_geometric_mean_rank": 25.901748756311292,
        "z_hits_at_k": 6.587870247118223,
        "z_inverse_harmonic_mean_rank": 7.918068300603007
      },
      "realistic": {
        "adjusted_arithmetic_mean_rank": 0.9723314043095661,
        "adjusted_arithmetic_mean_rank_index": 0.027669756156993852,
        "adjusted_geometric_mean_rank_index": 0.04867033985270064,
        "adjusted_hits_at_k": 0.00017944682161563126,
        "adjusted_inverse_harmonic_mean_rank": 8.741446255662534e-05,
        "arithmetic_mean_rank": 23183.927734375,
        "count": 282694.0,
        "geometric_mean_rank": 16691.267578125,
        "harmonic_mean_rank": 3073.1412624499617,
        "hits_at_1": 3.891133168726609e-05,
        "hits_at_10": 0.0003891133168726609,
        "hits_at_3": 0.00012027138885154973,
        "hits_at_5": 0.0002193184149645907,
        "inverse_arithmetic_mean_rank": 4.313332829042338e-05,
        "inverse_geometric_mean_rank": 5.9911566495429724e-05,
        "inverse_harmonic_mean_rank": 0.0003253999457228929,
        "inverse_median_rank": 4.4838023313786834e-05,
        "median_absolute_deviation": 17857.202420790723,
        "median_rank": 22302.5,
        "standard_deviation": 13867.4443359375,
        "variance": 192306000.0,
        "z_arithmetic_mean_rank": 25.48090603595267,
        "z_geometric_mean_rank": 25.901761244035242,
        "z_hits_at_k": 6.587870247118223,
        "z_inverse_harmonic_mean_rank": 7.918084582277782
      }
    },
    "head": {
      "optimistic": {
        "adjusted_arithmetic_mean_rank": 1.0008142145025312,
        "adjusted_arithmetic_mean_rank_index": -0.000814248646830773,
        "adjusted_geometric_mean_rank_index": 0.017868940965616642,
        "adjusted_hits_at_k": 0.0002007076453706944,
        "adjusted_inverse_harmonic_mean_rank": 7.434578679490391e-05,
        "arithmetic_mean_rank": 23866.69591148026,
        "count": 141347.0,
        "geometric_mean_rank": 17234.309379360293,
        "harmonic_mean_rank": 3202.036409165735,
        "hits_at_1": 2.1224362738508778e-05,
        "hits_at_10": 0.0004103376796111697,
        "hits_at_3": 9.904702611304096e-05,
        "hits_at_5": 0.00019809405222608192,
        "inverse_arithmetic_mean_rank": 4.189938999972695e-05,
        "inverse_geometric_mean_rank": 5.8023793004296076e-05,
        "inverse_harmonic_mean_rank": 0.00031230125839216863,
        "inverse_median_rank": 4.2556813345816665e-05,
        "median_absolute_deviation": 18290.86356970361,
        "median_rank": 23498.0,
        "standard_deviation": 14016.687945319554,
        "variance": 196467540.9564665,
        "z_arithmetic_mean_rank": -0.5302145771423739,
        "z_geometric_mean_rank": 6.720966796555103,
        "z_hits_at_k": 5.210643239440485,
        "z_inverse_harmonic_mean_rank": 4.762240515165484
      },
      "pessimistic": {
        "adjusted_arithmetic_mean_rank": 1.0008146672219291,
        "adjusted_arithmetic_mean_rank_index": -0.0008147013852135565,
        "adjusted_geometric_mean_rank_index": 0.017868348933830824,
        "adjusted_hits_at_k": 0.0002007076453706944,
        "adjusted_inverse_harmonic_mean_rank": 7.434566089277653e-05,
        "arithmetic_mean_rank": 23866.706707606103,
        "count": 141347.0,
        "geometric_mean_rank": 17234.319767655044,
        "harmonic_mean_rank": 3202.037699738252,
        "hits_at_1": 2.1224362738508778e-05,
        "hits_at_10": 0.0004103376796111697,
        "hits_at_3": 9.904702611304096e-05,
        "hits_at_5": 0.00019809405222608192,
        "inverse_arithmetic_mean_rank": 4.1899371046500904e-05,
        "inverse_geometric_mean_rank": 5.802375802941616e-05,
        "inverse_harmonic_mean_rank": 0.0003123011325200026,
        "inverse_median_rank": 4.2556813345816665e-05,
        "median_absolute_deviation": 18290.86356970361,
        "median_rank": 23498.0,
        "standard_deviation": 14016.690434886767,
        "variance": 196467610.74744615,
        "z_arithmetic_mean_rank": -0.5305093869540087,
        "z_geometric_mean_rank": 6.720744118222797,
        "z_hits_at_k": 5.210643239440485,
        "z_inverse_harmonic_mean_rank": 4.762232450468915
      },
      "realistic": {
        "adjusted_arithmetic_mean_rank": 1.000814516990698,
        "adjusted_arithmetic_mean_rank_index": -0.000814551147682474,
        "adjusted_geometric_mean_rank_index": 0.017868540501232322,
        "adjusted_hits_at_k": 0.0002007076453706944,
        "adjusted_inverse_harmonic_mean_rank": 7.43457131344368e-05,
        "arithmetic_mean_rank": 23866.703125,