{
    "Support Vector Machine": {
        "accuracy": 0.8493150684931506,
        "precision": 0.0,
        "recall": 0.0,
        "f1": 0.0,
        "roc_auc": 0.5682539682539682,
        "roc-pr": 0.1600406231989356
    },
    "Logistic Regression": {
        "accuracy": 0.863013698630137,
        "precision": 0.0,
        "recall": 0.0,
        "f1": 0.0,
        "roc_auc": 0.6047619047619048,
        "roc-pr": 0.19867327802636695
    },
    "Random Forest": {
        "accuracy": 0.863013698630137,
        "precision": 0.0,
        "recall": 0.0,
        "f1": 0.0,
        "roc_auc": 0.48888888888888893,
        "roc-pr": 0.13085634147473876
    },
    "XGboost": {
        "accuracy": 0.8493150684931506,
        "precision": 0.0,
        "recall": 0.0,
        "f1": 0.0,
        "roc_auc": 0.5365079365079366,
        "roc-pr": 0.16886472538542147
    }
}