{
    "Support Vector Machine": {
        "accuracy": 0.863013698630137,
        "precision": 0.0,
        "recall": 0.0,
        "f1": 0.0,
        "roc_auc": 0.473015873015873,
        "roc-pr": 0.12432872512073628
    },
    "Logistic Regression": {
        "accuracy": 0.8082191780821918,
        "precision": 0.0,
        "recall": 0.0,
        "f1": 0.0,
        "roc_auc": 0.42063492063492064,
        "roc-pr": 0.10863502487631008
    },
    "Random Forest": {
        "accuracy": 0.863013698630137,
        "precision": 0.0,
        "recall": 0.0,
        "f1": 0.0,
        "roc_auc": 0.5428571428571429,
        "roc-pr": 0.13292050386971355
    },
    "XGboost": {
        "accuracy": 0.863013698630137,
        "precision": 0.0,
        "recall": 0.0,
        "f1": 0.0,
        "roc_auc": 0.473015873015873,
        "roc-pr": 0.12103108753793693
    }
}