{"Support Vector Machine": {"roc_auc": [0.7214285714285713, 0.5468253968253969, 0.6484126984126983, 0.8150793650793651, 0.6443562610229276, 0.5230158730158729, 0.5468253968253969, 0.5976190476190477, 0.696031746031746, 0.7554673721340388, 0.6341269841269841, 0.6785714285714286, 0.6880952380952381, 0.5912698412698414, 0.6161375661375661, 0.7214285714285715, 0.5595238095238095, 0.642063492063492, 0.4150793650793651, 0.7519400352733687, 0.6515873015873015, 0.6547619047619049, 0.5611111111111111, 0.7214285714285713, 0.5191358024691357], "accuracy": [0.863013698630137, 0.863013698630137, 0.863013698630137, 0.863013698630137, 0.875, 0.863013698630137, 0.863013698630137, 0.863013698630137, 0.863013698630137, 0.875, 0.863013698630137, 0.863013698630137, 0.863013698630137, 0.863013698630137, 0.875, 0.863013698630137, 0.863013698630137, 0.863013698630137, 0.863013698630137, 0.875, 0.863013698630137, 0.863013698630137, 0.863013698630137, 0.863013698630137, 0.875], "recall": [0.0, 0.0, 0.0, 0.0, 0.0, 0.0, 0.0, 0.0, 0.0, 0.0, 0.0, 0.0, 0.0, 0.0, 0.0, 0.0, 0.0, 0.0, 0.0, 0.0, 0.0, 0.0, 0.0, 0.0, 0.0], "f1": [0.0, 0.0, 0.0, 0.0, 0.0, 0.0, 0.0, 0.0, 0.0, 0.0, 0.0, 0.0, 0.0, 0.0, 0.0, 0.0, 0.0, 0.0, 0.0, 0.0, 0.0, 0.0, 0.0, 0.0, 0.0]}, "Logistic Regression": {"roc_auc": [0.7023809523809523, 0.47380952380952385, 0.557936507936508, 0.7182539682539681, 0.5755731922398588, 0.5293650793650795, 0.5658730158730159, 0.5452380952380953, 0.6293650793650793, 0.69021164021164, 0.5769841269841269, 0.5833333333333335, 0.49920634920634915, 0.665873015873016, 0.5473544973544973, 0.6484126984126983, 0.4515873015873016, 0.5055555555555555, 0.4706349206349207, 0.6443562610229276, 0.55, 0.6341269841269841, 0.6182539682539683, 0.6531746031746033, 0.46622574955908286], "accuracy": [0.8356164383561644, 0.821917808219178, 0.8493150684931506, 0.863013698630137, 0.8333333333333334, 0.821917808219178, 0.8493150684931506, 0.821917808219178, 0.821917808219178, 0.875, 0.8082191780821918, 0.863013698630137, 0.8356164383561644, 0.8082191780821918, 0.7916666666666666, 0.8356164383561644, 0.8356164383561644, 0.863013698630137, 0.821917808219178, 0.8472222222222222, 0.8356164383561644, 0.8493150684931506, 0.8082191780821918, 0.821917808219178, 0.8888888888888888], "recall": [0.3, 0.1, 0.1, 0.1, 0.2222222222222222, 0.1, 0.2, 0.1, 0.1, 0.2222222222222222, 0.0, 0.0, 0.0, 0.2, 0.0, 0.0, 0.0, 0.2, 0.0, 0.2222222222222222, 0.1, 0.1, 0.1, 0.0, 0.1111111111111111], "f1": [0.33333333333333326, 0.13333333333333333, 0.15384615384615383, 0.16666666666666669, 0.25, 0.13333333333333333, 0.26666666666666666, 0.13333333333333333, 0.13333333333333333, 0.30769230769230765, 0.0, 0.0, 0.0, 0.22222222222222224, 0.0, 0.0, 0.0, 0.28571428571428575, 0.0, 0.26666666666666666, 0.14285714285714288, 0.15384615384615383, 0.125, 0.0, 0.19999999999999998]}, "Random Forest": {"roc_auc": [0.6134920634920635, 0.5214285714285714, 0.6182539682539683, 0.6896825396825397, 0.7713403880070546, 0.6023809523809525, 0.5547619047619048, 0.6373015873015873, 0.5944444444444443, 0.6831569664902999, 0.6182539682539683, 0.3722222222222223, 0.6595238095238096, 0.623015873015873, 0.559700176366843, 0.7277777777777779, 0.5230158730158729, 0.6198412698412699, 0.4658730158730158, 0.5156084656084656, 0.5515873015873016, 0.6674603174603175, 0.4865079365079365, 0.5880952380952382, 0.5508818342151676], "accuracy": [0.863013698630137, 0.863013698630137, 0.863013698630137, 0.863013698630137, 0.875, 0.863013698630137, 0.863013698630137, 0.863013698630137, 0.863013698630137, 0.875, 0.863013698630137, 0.863013698630137, 0.863013698630137, 0.863013698630137, 0.875, 0.863013698630137, 0.863013698630137, 0.863013698630137, 0.863013698630137, 0.875, 0.863013698630137, 0.863013698630137, 0.863013698630137, 0.863013698630137, 0.875], "recall": [0.0, 0.0, 0.0, 0.0, 0.0, 0.0, 0.0, 0.0, 0.0, 0.0, 0.0, 0.0, 0.0, 0.0, 0.0, 0.0, 0.0, 0.0, 0.0, 0.0, 0.0, 0.0, 0.0, 0.0, 0.0], "f1": [0.0, 0.0, 0.0, 0.0, 0.0, 0.0, 0.0, 0.0, 0.0, 0.0, 0.0, 0.0, 0.0, 0.0, 0.0, 0.0, 0.0, 0.0, 0.0, 0.0, 0.0, 0.0, 0.0, 0.0, 0.0]}, "XGboost": {"roc_auc": [0.6579365079365078, 0.5817460317460319, 0.6611111111111112, 0.6642857142857144, 0.5438271604938272, 0.6515873015873015, 0.6801587301587302, 0.47539682539682543, 0.6579365079365078, 0.6020282186948853, 0.6674603174603175, 0.5095238095238095, 0.592857142857143, 0.5047619047619047, 0.5517636684303351, 0.6373015873015873, 0.5444444444444445, 0.5849206349206348, 0.603968253968254, 0.4671075837742504, 0.6650793650793652, 0.7246031746031745, 0.5809523809523809, 0.48333333333333334, 0.612610229276896], "accuracy": [0.863013698630137, 0.863013698630137, 0.863013698630137, 0.863013698630137, 0.875, 0.863013698630137, 0.863013698630137, 0.863013698630137, 0.863013698630137, 0.875, 0.863013698630137, 0.863013698630137, 0.863013698630137, 0.863013698630137, 0.875, 0.863013698630137, 0.863013698630137, 0.863013698630137, 0.863013698630137, 0.875, 0.863013698630137, 0.863013698630137, 0.863013698630137, 0.863013698630137, 0.875], "recall": [0.0, 0.0, 0.0, 0.0, 0.0, 0.0, 0.0, 0.0, 0.0, 0.0, 0.0, 0.0, 0.0, 0.0, 0.0, 0.0, 0.0, 0.0, 0.0, 0.0, 0.0, 0.0, 0.0, 0.0, 0.0], "f1": [0.0, 0.0, 0.0, 0.0, 0.0, 0.0, 0.0, 0.0, 0.0, 0.0, 0.0, 0.0, 0.0, 0.0, 0.0, 0.0, 0.0, 0.0, 0.0, 0.0, 0.0, 0.0, 0.0, 0.0, 0.0]}}