{
  "losses": [
    0.12131404502045118,
    0.09515713476562568,
    0.09084974999211323,
    0.08789762617075511,
    0.08577281091479654,
    0.08531063688614735,
    0.08392280751951359,
    0.0831629810241027,
    0.08297699492926414,
    0.08145558888514268,
    0.08140932627150356,
    0.08103059595957783,
    0.08082654622562209,
    0.07966366925818531,
    0.08017985629488882,
    0.07927344246556646,
    0.07982160250808414,
    0.07973945885096119,
    0.07886863766467589,
    0.07864983088969331,
    0.07925310965232488,
    0.07880814379897705,
    0.0786600423400373,
    0.0778901595382132,
    0.07832597710064114,
    0.07834120786463292,
    0.0777404937588938,
    0.07763086082707332,
    0.0780377266661699,
    0.07793007436125703,
    0.07789658035623993,
    0.07707686551758502,
    0.07731858187523219,
    0.07749153955981007,
    0.07746523681142098,
    0.0773903192060981,
    0.07667596378019427,
    0.0779084310410571,
    0.07835543724337331,
    0.07637599732374564,
    0.07653085517571614,
    0.07819540426935627,
    0.07847490264663211,
    0.07579529126385563,
    0.07735806315827763,
    0.07707831721197825,
    0.0767915382671749,
    0.07630023535842712,
    0.0765557005857371,
    0.07666948206861501,
    0.07665675615139285,
    0.0765598919856386,
    0.0772264042847862,
    0.07614764950390275,
    0.07716815921886261,
    0.07615607529665133,
    0.07681287332227117,
    0.07591264422737425,
    0.0764264689817128,
    0.07593016748324592,
    0.07671058243060522,
    0.076099672917821,
    0.07655166995506146,
    0.07561497711563178,
    0.07565310952603219,
    0.07657851525622401,
    0.08069098857965289,
    0.0751362367423737,
    0.07473133544418907,
    0.07590192063767623,
    0.07588402039363425,
    0.07587752264142464,
    0.0762056947304176,
    0.07602286862108035,
    0.07640219189728314
  ],
  "metrics": {
    "both": {
      "optimistic": {
        "adjusted_arithmetic_mean_rank": 0.9570598995500372,
        "adjusted_arithmetic_mean_rank_index": 0.0429418924845375,
        "adjusted_geometric_mean_rank_index": 0.07345410200447977,
        "adjusted_hits_at_k": 0.00021971430706127187,
        "adjusted_inverse_harmonic_mean_rank": 9.370419364227917e-05,
        "arithmetic_mean_rank": 22933.688829787236,
        "count": 357200.0,
        "geometric_mean_rank": 16337.564383440762,
        "harmonic_mean_rank": 3024.7074500395197,
        "hits_at_1": 3.9193729003359465e-05,
        "hits_at_10": 0.00042833146696528556,
        "hits_at_3": 0.00011758118701007839,
        "hits_at_5": 0.00022396416573348266,
        "inverse_arithmetic_mean_rank": 4.360397524453886e-05,
        "inverse_geometric_mean_rank": 6.120863407360576e-05,
        "inverse_harmonic_mean_rank": 0.0003306104859783826,
        "inverse_median_rank": 4.4838022643201435e-05,
        "median_absolute_deviation": 17998.049631548754,
        "median_rank": 22302.5,
        "standard_deviation": 13948.703570175898,
        "variance": 194566331.28863782,
        "z_arithmetic_mean_rank": 44.45164925887411,
        "z_geometric_mean_rank": 43.938971604807875,
        "z_hits_at_k": 9.089626071898659,
        "z_inverse_harmonic_mean_rank": 9.56473745167186
      },
      "pessimistic": {
        "adjusted_arithmetic_mean_rank": 0.9570599669608505,
        "adjusted_arithmetic_mean_rank_index": 0.04294182507091082,
        "adjusted_geometric_mean_rank_index": 0.07345401089012582,
        "adjusted_hits_at_k": 0.00021971430706127187,
        "adjusted_inverse_harmonic_mean_rank": 9.370410301594667e-05,
        "arithmetic_mean_rank": 22933.69044512878,
        "count": 357200.0,
        "geometric_mean_rank": 16337.565989940249,
        "harmonic_mean_rank": 3024.7082789704923,
        "hits_at_1": 3.9193729003359465e-05,
        "hits_at_10": 0.00042833146696528556,
        "hits_at_3": 0.00011758118701007839,
        "hits_at_5": 0.00022396416573348266,
        "inverse_arithmetic_mean_rank": 4.360397217327944e-05,
        "inverse_geometric_mean_rank": 6.120862805486102e-05,
        "inverse_harmonic_mean_rank": 0.00033061039537352207,
        "inverse_median_rank": 4.4838022643201435e-05,
        "median_absolute_deviation": 17998.049631548754,
        "median_rank": 22302.5,
        "standard_deviation": 13948.704061019824,
        "variance": 194566344.98191094,
        "z_arithmetic_mean_rank": 44.45157947511018,
        "z_geometric_mean_rank": 43.93891710177934,
        "z_hits_at_k": 9.089626071898659,
        "z_inverse_harmonic_mean_rank": 9.564728201103208
      },
      "realistic": {
        "adjusted_arithmetic_mean_rank": 0.9570598440558666,
        "adjusted_arithmetic_mean_rank_index": 0.04294194798102391,
        "adjusted_geometric_mean_rank_index": 0.07345393189187133,
        "adjusted_hits_at_k": 0.00021971430706127187,
        "adjusted_inverse_harmonic_mean_rank": 9.37041121341469e-05,
        "arithmetic_mean_rank": 22933.6875,
        "count": 357200.0,
        "geometric_mean_rank": 16337.5673828125,
        "harmonic_mean_rank": 3024.708195569121,
        "hits_at_1": 3.9193729003359465e-05,
        "hits_at_10": 0.00042833146696528556,
        "hits_at_3": 0.00011758118701007839,
        "hits_at_5": 0.00022396416573348266,
        "inverse_arithmetic_mean_rank": 4.360397724667564e-05,
        "inverse_geometric_mean_rank": 6.120862235547975e-05,
        "inverse_harmonic_mean_rank": 0.0003306104044895619,
        "inverse_median_rank": 4.4838023313786834e-05,
        "median_absolute_deviation": 17998.049631548754,
        "median_rank": 22302.5,
        "standard_deviation": 13948.7021484375,
        "variance": 194566304.0,
        "z_arithmetic_mean_rank": 44.45170670651339,
        "z_geometric_mean_rank": 43.93886984639175,
        "z_hits_at_k": 9.089626071898659,
        "z_inverse_harmonic_mean_rank": 9.564729131831996
      }
    },
    "head": {
      "optimistic": {
        "adjusted_arithmetic_mean_rank": 0.9297418564843568,
        "adjusted_arithmetic_mean_rank_index": 0.07026107399638004,
        "adjusted_geometric_mean_rank_index": 0.1008321827286408,
        "adjusted_hits_at_k": 0.0002002295554208263,
        "adjusted_inverse_harmonic_mean_rank": 7.328175656407123e-05,
        "arithmetic_mean_rank": 22291.44882418813,
        "count": 178600.0,
        "geometric_mean_rank": 15863.683449809034,
        "harmonic_mean_rank": 3225.0512712242917,
        "hits_at_1": 3.35946248600224e-05,
        "hits_at_10": 0.0004087346024636058,
        "hits_at_3": 0.00011198208286674133,
        "hits_at_5": 0.0002015677491601344,
        "inverse_arithmetic_mean_rank": 4.486025147521656e-05,
        "inverse_geometric_mean_rank": 6.303706217814363e-05,
        "inverse_harmonic_mean_rank": 0.0003100725898290543,
        "inverse_median_rank": 4.694615276278109e-05,
        "median_absolute_deviation": 17468.019338433,
        "median_rank": 21301.0,
        "standard_deviation": 13781.949758811019,
        "variance": 189942139.1543911,
        "z_arithmetic_mean_rank": 51.42885884720488,
        "z_geometric_mean_rank": 42.64003528694792,
        "z_hits_at_k": 5.858977776563417,
        "z_inverse_harmonic_mean_rank": 5.290731790705308
      },
      "pessimistic": {
        "adjusted_arithmetic_mean_rank": 0.9297419218727497,
        "adjusted_arithmetic_mean_rank_index": 0.07026100860525974,
        "adjusted_geometric_mean_rank_index": 0.10083210660034247,
        "adjusted_hits_at_k": 0.0002002295554208263,
        "adjusted_inverse_harmonic_mean_rank": 7.328174601319563e-05,
        "arithmetic_mean_rank": 22291.45039193729,
        "count": 178600.0,
        "geometric_mean_rank": 15863.68479282763,
        "harmonic_mean_rank": 3225.051380937498,
        "hits_at_1": 3.35946248600224e-05,
        "hits_at_10": 0.0004087346024636058,
        "hits_at_3": 0.00011198208286674133,
        "hits_at_5": 0.0002015677491601344,
        "inverse_arithmetic_mean_rank": 4.486024832021227e-05,